Pattern_Name,LUTindexTemperature_20,LUTindexTemperature_25,LUTindexTemperature_26,LUTindexTemperature_28,LUTindexTemperature_30,LUTindexTemperature_32,LUTindexTemperature_35,LUTindexTemperature_40
LUTindex0,0,0,0,0,0,0,0,0
LUTindex1,1.000454e+00,1.000227e+00,1.000181e+00,1.000091e+00,1,9.999093e-01,9.997733e-01,9.995466e-01
LUTindex2,2.000652e+00,2.000326e+00,2.000261e+00,2.000130e+00,2,1.999870e+00,1.999674e+00,1.999349e+00
LUTindex3,3.000525e+00,3.000262e+00,3.000210e+00,3.000105e+00,3,2.999895e+00,2.999738e+00,2.999476e+00
LUTindex4,4.000003e+00,4.000001e+00,4.000001e+00,4.000001e+00,4,3.999999e+00,3.999999e+00,3.999997e+00
LUTindex5,4.999315e+00,4.999658e+00,4.999726e+00,4.999863e+00,5,5.000137e+00,5.000342e+00,5.000685e+00
LUTindex6,5.998644e+00,5.999322e+00,5.999457e+00,5.999729e+00,6,6.000272e+00,6.000679e+00,6.001359e+00
LUTindex7,6.997841e+00,6.998920e+00,6.999135e+00,6.999568e+00,7,7.000433e+00,7.001082e+00,7.002166e+00
LUTindex8,7.996757e+00,7.998377e+00,7.998701e+00,7.999350e+00,8,8.000650e+00,8.001626e+00,8.003254e+00
LUTindex9,8.995244e+00,8.997620e+00,8.998096e+00,8.999048e+00,9,9.000953e+00,9.002383e+00,9.004770e+00
LUTindex10,9.993152e+00,9.996575e+00,9.997259e+00,9.998629e+00,10,1.000137e+01,1.000343e+01,1.000686e+01
LUTindex11,1.099033e+01,1.099517e+01,1.099613e+01,1.099807e+01,11,1.100193e+01,1.100484e+01,1.100967e+01
LUTindex12,1.198664e+01,1.199332e+01,1.199466e+01,1.199733e+01,12,1.200267e+01,1.200668e+01,1.201336e+01
LUTindex13,1.298257e+01,1.299128e+01,1.299303e+01,1.299651e+01,13,1.300349e+01,1.300872e+01,1.301743e+01
LUTindex14,1.397849e+01,1.398924e+01,1.399139e+01,1.399570e+01,14,1.400430e+01,1.401076e+01,1.402153e+01
LUTindex15,1.497404e+01,1.498701e+01,1.498961e+01,1.499480e+01,15,1.500520e+01,1.501300e+01,1.502601e+01
LUTindex16,1.596884e+01,1.598441e+01,1.598753e+01,1.599376e+01,16,1.600624e+01,1.601561e+01,1.603123e+01
LUTindex17,1.696253e+01,1.698125e+01,1.698500e+01,1.699250e+01,17,1.700750e+01,1.701877e+01,1.703756e+01
LUTindex18,1.795474e+01,1.797736e+01,1.798188e+01,1.799094e+01,18,1.800906e+01,1.802266e+01,1.804535e+01
LUTindex19,1.894509e+01,1.897254e+01,1.897803e+01,1.898901e+01,19,1.901099e+01,1.902748e+01,1.905497e+01
LUTindex20,1.993322e+01,1.996661e+01,1.997329e+01,1.998664e+01,20,2.001336e+01,2.003339e+01,2.006678e+01
LUTindex21,2.091982e+01,2.095991e+01,2.096793e+01,2.098397e+01,21,2.101603e+01,2.104008e+01,2.108015e+01
LUTindex22,2.190560e+01,2.195280e+01,2.196224e+01,2.198112e+01,22,2.201888e+01,2.204720e+01,2.209440e+01
LUTindex23,2.289010e+01,2.294504e+01,2.295603e+01,2.297801e+01,23,2.302199e+01,2.305498e+01,2.310998e+01
LUTindex24,2.387287e+01,2.393641e+01,2.394913e+01,2.397456e+01,24,2.402545e+01,2.406363e+01,2.412730e+01
LUTindex25,2.485344e+01,2.492669e+01,2.494135e+01,2.497067e+01,25,2.502934e+01,2.507337e+01,2.514679e+01
LUTindex26,2.583136e+01,2.591565e+01,2.593251e+01,2.596625e+01,26,2.603376e+01,2.608442e+01,2.616889e+01
LUTindex27,2.680616e+01,2.690306e+01,2.692244e+01,2.696122e+01,27,2.703879e+01,2.709699e+01,2.719402e+01
LUTindex28,2.777739e+01,2.788869e+01,2.791095e+01,2.795548e+01,28,2.804452e+01,2.811131e+01,2.822262e+01
LUTindex29,2.874465e+01,2.887235e+01,2.889788e+01,2.894895e+01,29,2.905105e+01,2.912760e+01,2.925516e+01
LUTindex30,2.970823e+01,2.985415e+01,2.988332e+01,2.994167e+01,30,3.005832e+01,3.014579e+01,3.029151e+01
LUTindex31,3.066867e+01,3.083437e+01,3.086750e+01,3.093375e+01,31,3.106623e+01,3.116557e+01,3.133107e+01
LUTindex32,3.162652e+01,3.181328e+01,3.185063e+01,3.192532e+01,32,3.207467e+01,3.218667e+01,3.237328e+01
LUTindex33,3.258233e+01,3.279118e+01,3.283295e+01,3.291648e+01,33,3.308352e+01,3.320879e+01,3.341756e+01
LUTindex34,3.353665e+01,3.376833e+01,3.381466e+01,3.390733e+01,34,3.409267e+01,3.423166e+01,3.446331e+01
LUTindex35,3.449003e+01,3.474501e+01,3.479601e+01,3.489800e+01,35,3.510200e+01,3.525499e+01,3.550998e+01
LUTindex36,3.544302e+01,3.572151e+01,3.577721e+01,3.588860e+01,36,3.611140e+01,3.627849e+01,3.655698e+01
LUTindex37,3.639464e+01,3.669733e+01,3.675786e+01,3.687893e+01,37,3.712107e+01,3.730266e+01,3.760532e+01
LUTindex38,3.734379e+01,3.767190e+01,3.773752e+01,3.786876e+01,38,3.813124e+01,3.832808e+01,3.865616e+01
LUTindex39,3.829116e+01,3.864559e+01,3.871647e+01,3.885824e+01,39,3.914176e+01,3.935440e+01,3.970878e+01
LUTindex40,3.923747e+01,3.961874e+01,3.969499e+01,3.984750e+01,40,4.015250e+01,4.038125e+01,4.076249e+01
LUTindex41,4.018342e+01,4.059171e+01,4.067337e+01,4.083669e+01,41,4.116331e+01,4.140828e+01,4.181655e+01
LUTindex42,4.112972e+01,4.156486e+01,4.165189e+01,4.182594e+01,42,4.217406e+01,4.243514e+01,4.287027e+01
LUTindex43,4.207707e+01,4.253853e+01,4.263083e+01,4.281541e+01,43,4.318459e+01,4.346147e+01,4.392294e+01
LUTindex44,4.302617e+01,4.351309e+01,4.361047e+01,4.380523e+01,44,4.419477e+01,4.448691e+01,4.497383e+01
LUTindex45,4.397662e+01,4.448831e+01,4.459065e+01,4.479533e+01,45,4.520467e+01,4.551169e+01,4.602337e+01
LUTindex46,4.492743e+01,4.546372e+01,4.557097e+01,4.578549e+01,46,4.621451e+01,4.653628e+01,4.707256e+01
LUTindex47,4.587875e+01,4.643938e+01,4.655150e+01,4.677575e+01,47,4.722425e+01,4.756063e+01,4.812125e+01
LUTindex48,4.683073e+01,4.741536e+01,4.753229e+01,4.776614e+01,48,4.823386e+01,4.858464e+01,4.916929e+01
LUTindex49,4.778351e+01,4.839175e+01,4.851340e+01,4.875670e+01,49,4.924330e+01,4.960826e+01,5.021652e+01
LUTindex50,4.873724e+01,4.936862e+01,4.949489e+01,4.974745e+01,50,5.025256e+01,5.063139e+01,5.126279e+01
LUTindex51,4.969207e+01,5.034603e+01,5.047683e+01,5.073841e+01,51,5.126159e+01,5.165397e+01,5.230795e+01
LUTindex52,5.064815e+01,5.132407e+01,5.145926e+01,5.172963e+01,52,5.227037e+01,5.267593e+01,5.335186e+01
LUTindex53,5.160518e+01,5.230259e+01,5.244207e+01,5.272104e+01,53,5.327896e+01,5.369740e+01,5.439480e+01
LUTindex54,5.256284e+01,5.328142e+01,5.342514e+01,5.371257e+01,54,5.428743e+01,5.471858e+01,5.543716e+01
LUTindex55,5.352135e+01,5.426067e+01,5.440854e+01,5.470427e+01,55,5.529573e+01,5.573933e+01,5.647867e+01
LUTindex56,5.448094e+01,5.524046e+01,5.539237e+01,5.569618e+01,56,5.630382e+01,5.675955e+01,5.751912e+01
LUTindex57,5.544183e+01,5.622091e+01,5.637672e+01,5.668836e+01,57,5.731164e+01,5.777911e+01,5.855824e+01
LUTindex58,5.640427e+01,5.720212e+01,5.736170e+01,5.768085e+01,58,5.831916e+01,5.879790e+01,5.959582e+01
LUTindex59,5.736846e+01,5.818422e+01,5.834738e+01,5.867369e+01,59,5.932631e+01,5.981579e+01,6.063160e+01
LUTindex60,5.833466e+01,5.916733e+01,5.933386e+01,5.966693e+01,60,6.033307e+01,6.083267e+01,6.166535e+01
LUTindex61,5.930404e+01,6.015203e+01,6.032162e+01,6.066081e+01,61,6.133919e+01,6.184796e+01,6.269591e+01
LUTindex62,6.027715e+01,6.113858e+01,6.131087e+01,6.165543e+01,62,6.234456e+01,6.286140e+01,6.372279e+01
LUTindex63,6.125279e+01,6.212640e+01,6.230112e+01,6.265056e+01,63,6.334944e+01,6.387359e+01,6.474717e+01
LUTindex64,6.222974e+01,6.311487e+01,6.329190e+01,6.364595e+01,64,6.435405e+01,6.488513e+01,6.577026e+01
LUTindex65,6.320681e+01,6.410340e+01,6.428272e+01,6.464136e+01,65,6.535864e+01,6.589661e+01,6.679323e+01
LUTindex66,6.418278e+01,6.509138e+01,6.527310e+01,6.563655e+01,66,6.636345e+01,6.690864e+01,6.781729e+01
LUTindex67,6.515644e+01,6.607821e+01,6.626257e+01,6.663128e+01,67,6.736872e+01,6.792181e+01,6.884363e+01
LUTindex68,6.612658e+01,6.706329e+01,6.725063e+01,6.762532e+01,68,6.837468e+01,6.893671e+01,6.987343e+01
LUTindex69,6.709259e+01,6.804630e+01,6.823704e+01,6.861852e+01,69,6.938147e+01,6.995368e+01,7.090735e+01
LUTindex70,6.805523e+01,6.902762e+01,6.922210e+01,6.961105e+01,70,7.038895e+01,7.097236e+01,7.194470e+01
LUTindex71,6.901520e+01,7.000761e+01,7.020609e+01,7.060304e+01,71,7.139695e+01,7.199238e+01,7.298475e+01
LUTindex72,6.997322e+01,7.098661e+01,7.118929e+01,7.159464e+01,72,7.240536e+01,7.301339e+01,7.402678e+01
LUTindex73,7.093001e+01,7.196500e+01,7.217199e+01,7.258600e+01,73,7.341401e+01,7.403502e+01,7.507006e+01
LUTindex74,7.188627e+01,7.294312e+01,7.315449e+01,7.357724e+01,74,7.442276e+01,7.505692e+01,7.611386e+01
LUTindex75,7.284272e+01,7.392133e+01,7.413706e+01,7.456853e+01,75,7.543148e+01,7.607871e+01,7.715748e+01
LUTindex76,7.380007e+01,7.490000e+01,7.512000e+01,7.555999e+01,76,7.644002e+01,7.710006e+01,7.820017e+01
LUTindex77,7.475904e+01,7.587948e+01,7.610358e+01,7.655179e+01,77,7.744822e+01,7.812058e+01,7.924122e+01
LUTindex78,7.572033e+01,7.686013e+01,7.708810e+01,7.754405e+01,78,7.845596e+01,7.913992e+01,8.027990e+01
LUTindex79,7.668466e+01,7.784231e+01,7.807385e+01,7.853692e+01,79,7.946309e+01,8.015773e+01,8.131549e+01
LUTindex80,7.765275e+01,7.882637e+01,7.906110e+01,7.953055e+01,80,8.046945e+01,8.117363e+01,8.234727e+01
LUTindex81,7.862499e+01,7.981251e+01,8.005001e+01,8.052501e+01,81,8.147499e+01,8.218746e+01,8.337488e+01
LUTindex82,7.960079e+01,8.080042e+01,8.104034e+01,8.152017e+01,82,8.247982e+01,8.319953e+01,8.439901e+01
LUTindex83,8.057939e+01,8.178973e+01,8.203179e+01,8.251590e+01,83,8.348409e+01,8.421022e+01,8.542039e+01
LUTindex84,8.156006e+01,8.278006e+01,8.302405e+01,8.351203e+01,84,8.448796e+01,8.521990e+01,8.643974e+01
LUTindex85,8.254204e+01,8.377104e+01,8.401683e+01,8.450842e+01,85,8.549157e+01,8.622893e+01,8.745782e+01
LUTindex86,8.352457e+01,8.476230e+01,8.500984e+01,8.550492e+01,86,8.649507e+01,8.723768e+01,8.847534e+01
LUTindex87,8.450692e+01,8.575347e+01,8.600277e+01,8.650139e+01,87,8.749861e+01,8.824653e+01,8.949305e+01
LUTindex88,8.548833e+01,8.674417e+01,8.699533e+01,8.749767e+01,88,8.850233e+01,8.925583e+01,9.051166e+01
LUTindex89,8.646856e+01,8.773428e+01,8.798742e+01,8.849371e+01,89,8.950629e+01,9.026572e+01,9.153144e+01
LUTindex90,8.744881e+01,8.872440e+01,8.897952e+01,8.948976e+01,90,9.051024e+01,9.127560e+01,9.255119e+01
LUTindex91,8.842919e+01,8.971460e+01,8.997168e+01,9.048584e+01,91,9.151416e+01,9.228540e+01,9.357081e+01
LUTindex92,8.940970e+01,9.070485e+01,9.096388e+01,9.148194e+01,92,9.251806e+01,9.329515e+01,9.459030e+01
LUTindex93,9.039033e+01,9.169517e+01,9.195613e+01,9.247807e+01,93,9.352193e+01,9.430483e+01,9.560967e+01
LUTindex94,9.137108e+01,9.268554e+01,9.294843e+01,9.347422e+01,94,9.452578e+01,9.531446e+01,9.662892e+01
LUTindex95,9.235193e+01,9.367596e+01,9.394077e+01,9.447039e+01,95,9.552961e+01,9.632404e+01,9.764807e+01
LUTindex96,9.333287e+01,9.466644e+01,9.493315e+01,9.546657e+01,96,9.653343e+01,9.733356e+01,9.866713e+01
LUTindex97,9.431399e+01,9.565700e+01,9.592560e+01,9.646280e+01,97,9.753720e+01,9.834300e+01,9.968601e+01
LUTindex98,9.529550e+01,9.664775e+01,9.691820e+01,9.745910e+01,98,9.854090e+01,9.935225e+01,1.007045e+02
LUTindex99,9.627726e+01,9.763863e+01,9.791091e+01,9.845545e+01,99,9.954455e+01,1.003614e+02,1.017227e+02
LUTindex100,9.725914e+01,9.862957e+01,9.890366e+01,9.945183e+01,100,1.005482e+02,1.013704e+02,1.027409e+02
LUTindex101,9.824097e+01,9.962049e+01,9.989639e+01,1.004482e+02,101,1.015518e+02,1.023795e+02,1.037590e+02
LUTindex102,9.922262e+01,1.006113e+02,1.008890e+02,1.014445e+02,102,1.025555e+02,1.033887e+02,1.047774e+02
LUTindex103,1.002039e+02,1.016020e+02,1.018816e+02,1.024408e+02,103,1.035592e+02,1.043980e+02,1.057961e+02
LUTindex104,1.011847e+02,1.025924e+02,1.028739e+02,1.034369e+02,104,1.045631e+02,1.054076e+02,1.068153e+02
LUTindex105,1.021649e+02,1.035824e+02,1.038660e+02,1.044330e+02,105,1.055670e+02,1.064176e+02,1.078351e+02
LUTindex106,1.031443e+02,1.045722e+02,1.048577e+02,1.054289e+02,106,1.065711e+02,1.074278e+02,1.088557e+02
LUTindex107,1.041232e+02,1.055616e+02,1.058493e+02,1.064246e+02,107,1.075754e+02,1.084384e+02,1.098768e+02
LUTindex108,1.051018e+02,1.065509e+02,1.068407e+02,1.074204e+02,108,1.085796e+02,1.094491e+02,1.108982e+02
LUTindex109,1.060803e+02,1.075401e+02,1.078321e+02,1.084161e+02,109,1.095839e+02,1.104599e+02,1.119197e+02
LUTindex110,1.070590e+02,1.085295e+02,1.088236e+02,1.094118e+02,110,1.105882e+02,1.114705e+02,1.129410e+02
LUTindex111,1.080381e+02,1.095190e+02,1.098152e+02,1.104076e+02,111,1.115924e+02,1.124810e+02,1.139619e+02
LUTindex112,1.090178e+02,1.105089e+02,1.108071e+02,1.114036e+02,112,1.125964e+02,1.134911e+02,1.149822e+02
LUTindex113,1.099982e+02,1.114991e+02,1.117993e+02,1.123996e+02,113,1.136004e+02,1.145009e+02,1.160018e+02
LUTindex114,1.109786e+02,1.124893e+02,1.127914e+02,1.133957e+02,114,1.146043e+02,1.155107e+02,1.170214e+02
LUTindex115,1.119591e+02,1.134796e+02,1.137837e+02,1.143918e+02,115,1.156082e+02,1.165204e+02,1.180409e+02
LUTindex116,1.129400e+02,1.144700e+02,1.147760e+02,1.153880e+02,116,1.166120e+02,1.175300e+02,1.190600e+02
LUTindex117,1.139214e+02,1.154607e+02,1.157686e+02,1.163843e+02,117,1.176157e+02,1.185393e+02,1.200786e+02
LUTindex118,1.149035e+02,1.164517e+02,1.167614e+02,1.173807e+02,118,1.186193e+02,1.195483e+02,1.210965e+02
LUTindex119,1.158864e+02,1.174432e+02,1.177546e+02,1.183773e+02,119,1.196227e+02,1.205568e+02,1.221136e+02
LUTindex120,1.168704e+02,1.184352e+02,1.187482e+02,1.193741e+02,120,1.206259e+02,1.215648e+02,1.231296e+02
LUTindex121,1.178555e+02,1.194278e+02,1.197422e+02,1.203711e+02,121,1.216289e+02,1.225722e+02,1.241445e+02
LUTindex122,1.188417e+02,1.204208e+02,1.207367e+02,1.213683e+02,122,1.226317e+02,1.235792e+02,1.251583e+02
LUTindex123,1.198287e+02,1.214144e+02,1.217315e+02,1.223658e+02,123,1.236342e+02,1.245856e+02,1.261712e+02
LUTindex124,1.208166e+02,1.224083e+02,1.227267e+02,1.233633e+02,124,1.246367e+02,1.255917e+02,1.271833e+02
LUTindex125,1.218052e+02,1.234026e+02,1.237221e+02,1.243610e+02,125,1.256390e+02,1.265974e+02,1.281948e+02
LUTindex126,1.227944e+02,1.243972e+02,1.247178e+02,1.253589e+02,126,1.266411e+02,1.276028e+02,1.292056e+02
LUTindex127,1.237842e+02,1.253921e+02,1.257137e+02,1.263568e+02,127,1.276432e+02,1.286079e+02,1.302158e+02
LUTindex128,1.247743e+02,1.263871e+02,1.267097e+02,1.273549e+02,128,1.286451e+02,1.296129e+02,1.312257e+02
LUTindex129,1.257648e+02,1.273824e+02,1.277059e+02,1.283530e+02,129,1.296470e+02,1.306176e+02,1.322352e+02
LUTindex130,1.267559e+02,1.283780e+02,1.287024e+02,1.293512e+02,130,1.306488e+02,1.316220e+02,1.332441e+02
LUTindex131,1.277477e+02,1.293739e+02,1.296991e+02,1.303495e+02,131,1.316505e+02,1.326261e+02,1.342523e+02
LUTindex132,1.287400e+02,1.303700e+02,1.306960e+02,1.313480e+02,132,1.326520e+02,1.336300e+02,1.352600e+02
LUTindex133,1.297328e+02,1.313664e+02,1.316931e+02,1.323466e+02,133,1.336534e+02,1.346336e+02,1.362672e+02
LUTindex134,1.307260e+02,1.323630e+02,1.326904e+02,1.333452e+02,134,1.346548e+02,1.356370e+02,1.372740e+02
LUTindex135,1.317195e+02,1.333597e+02,1.336878e+02,1.343439e+02,135,1.356561e+02,1.366403e+02,1.382805e+02
LUTindex136,1.327132e+02,1.343566e+02,1.346853e+02,1.353426e+02,136,1.366574e+02,1.376434e+02,1.392868e+02
LUTindex137,1.337071e+02,1.353536e+02,1.356828e+02,1.363414e+02,137,1.376586e+02,1.386464e+02,1.402929e+02
LUTindex138,1.347010e+02,1.363505e+02,1.366804e+02,1.373402e+02,138,1.386598e+02,1.396495e+02,1.412990e+02
LUTindex139,1.356950e+02,1.373475e+02,1.376780e+02,1.383390e+02,139,1.396610e+02,1.406525e+02,1.423050e+02
LUTindex140,1.366893e+02,1.383447e+02,1.386757e+02,1.393379e+02,140,1.406621e+02,1.416553e+02,1.433107e+02
LUTindex141,1.376842e+02,1.393421e+02,1.396737e+02,1.403368e+02,141,1.416632e+02,1.426579e+02,1.443158e+02
LUTindex142,1.386798e+02,1.403399e+02,1.406719e+02,1.413360e+02,142,1.426640e+02,1.436601e+02,1.453202e+02
LUTindex143,1.396763e+02,1.413382e+02,1.416705e+02,1.423353e+02,143,1.436647e+02,1.446618e+02,1.463237e+02
LUTindex144,1.406740e+02,1.423370e+02,1.426696e+02,1.433348e+02,144,1.446652e+02,1.456630e+02,1.473260e+02
LUTindex145,1.416730e+02,1.433365e+02,1.436692e+02,1.443346e+02,145,1.456654e+02,1.466635e+02,1.483270e+02
LUTindex146,1.426733e+02,1.443367e+02,1.446693e+02,1.453347e+02,146,1.466653e+02,1.476633e+02,1.493267e+02
LUTindex147,1.436748e+02,1.453374e+02,1.456699e+02,1.463350e+02,147,1.476650e+02,1.486626e+02,1.503252e+02
LUTindex148,1.446772e+02,1.463386e+02,1.466709e+02,1.473354e+02,148,1.486646e+02,1.496614e+02,1.513228e+02
LUTindex149,1.456802e+02,1.473401e+02,1.476721e+02,1.483360e+02,149,1.496640e+02,1.506599e+02,1.523198e+02
LUTindex150,1.466836e+02,1.483418e+02,1.486734e+02,1.493367e+02,150,1.506633e+02,1.516582e+02,1.533164e+02
LUTindex151,1.476872e+02,1.493436e+02,1.496749e+02,1.503374e+02,151,1.516626e+02,1.526564e+02,1.543128e+02
LUTindex152,1.486906e+02,1.503453e+02,1.506762e+02,1.513381e+02,152,1.526619e+02,1.536547e+02,1.553094e+02
LUTindex153,1.496938e+02,1.513469e+02,1.516775e+02,1.523388e+02,153,1.536612e+02,1.546531e+02,1.563062e+02
LUTindex154,1.506967e+02,1.523484e+02,1.526787e+02,1.533393e+02,154,1.546607e+02,1.556516e+02,1.573033e+02
LUTindex155,1.516997e+02,1.533498e+02,1.536799e+02,1.543399e+02,155,1.556601e+02,1.566502e+02,1.583003e+02
LUTindex156,1.527029e+02,1.543514e+02,1.546811e+02,1.553406e+02,156,1.566594e+02,1.576486e+02,1.592971e+02
LUTindex157,1.537064e+02,1.553532e+02,1.556826e+02,1.563413e+02,157,1.576587e+02,1.586468e+02,1.602936e+02
LUTindex158,1.547105e+02,1.563553e+02,1.566842e+02,1.573421e+02,158,1.586579e+02,1.596447e+02,1.612895e+02
LUTindex159,1.557154e+02,1.573577e+02,1.576862e+02,1.583431e+02,159,1.596569e+02,1.606423e+02,1.622846e+02
LUTindex160,1.567212e+02,1.583606e+02,1.586885e+02,1.593442e+02,160,1.606558e+02,1.616394e+02,1.632788e+02
LUTindex161,1.577279e+02,1.593640e+02,1.596912e+02,1.603456e+02,161,1.616544e+02,1.626360e+02,1.642720e+02
LUTindex162,1.587352e+02,1.603676e+02,1.606941e+02,1.613470e+02,162,1.626530e+02,1.636324e+02,1.652648e+02
LUTindex163,1.597429e+02,1.613715e+02,1.616972e+02,1.623486e+02,163,1.636514e+02,1.646285e+02,1.662571e+02
LUTindex164,1.607514e+02,1.623757e+02,1.627005e+02,1.633503e+02,164,1.646497e+02,1.656243e+02,1.672487e+02
LUTindex165,1.617606e+02,1.633803e+02,1.637043e+02,1.643521e+02,165,1.656479e+02,1.666197e+02,1.682394e+02
LUTindex166,1.627709e+02,1.643855e+02,1.647084e+02,1.653542e+02,166,1.666458e+02,1.676146e+02,1.692291e+02
LUTindex167,1.637823e+02,1.653912e+02,1.657129e+02,1.663565e+02,167,1.676435e+02,1.686088e+02,1.702177e+02
LUTindex168,1.647951e+02,1.663975e+02,1.667180e+02,1.673590e+02,168,1.686410e+02,1.696025e+02,1.712049e+02
LUTindex169,1.658092e+02,1.674046e+02,1.677237e+02,1.683618e+02,169,1.696382e+02,1.705954e+02,1.721908e+02
LUTindex170,1.668248e+02,1.684124e+02,1.687299e+02,1.693650e+02,170,1.706350e+02,1.715876e+02,1.731751e+02
LUTindex171,1.678417e+02,1.694209e+02,1.697367e+02,1.703683e+02,171,1.716317e+02,1.725791e+02,1.741583e+02
LUTindex172,1.688597e+02,1.704298e+02,1.707439e+02,1.713719e+02,172,1.726281e+02,1.735701e+02,1.751403e+02
LUTindex173,1.698786e+02,1.714393e+02,1.717515e+02,1.723757e+02,173,1.736243e+02,1.745607e+02,1.761213e+02
LUTindex174,1.708984e+02,1.724492e+02,1.727594e+02,1.733797e+02,174,1.746203e+02,1.755508e+02,1.771016e+02
LUTindex175,1.719188e+02,1.734594e+02,1.737675e+02,1.743838e+02,175,1.756162e+02,1.765406e+02,1.780812e+02
LUTindex176,1.729397e+02,1.744698e+02,1.747759e+02,1.753879e+02,176,1.766121e+02,1.775302e+02,1.790603e+02
LUTindex177,1.739609e+02,1.754805e+02,1.757844e+02,1.763922e+02,177,1.776078e+02,1.785195e+02,1.800391e+02
LUTindex178,1.749824e+02,1.764912e+02,1.767930e+02,1.773965e+02,178,1.786035e+02,1.795088e+02,1.810176e+02
LUTindex179,1.760044e+02,1.775022e+02,1.778017e+02,1.784009e+02,179,1.795991e+02,1.804978e+02,1.819956e+02
LUTindex180,1.770269e+02,1.785135e+02,1.788108e+02,1.794054e+02,180,1.805946e+02,1.814865e+02,1.829731e+02
LUTindex181,1.780503e+02,1.795251e+02,1.798201e+02,1.804101e+02,181,1.815899e+02,1.824749e+02,1.839497e+02
LUTindex182,1.790746e+02,1.805373e+02,1.808298e+02,1.814149e+02,182,1.825851e+02,1.834627e+02,1.849254e+02
LUTindex183,1.801001e+02,1.815500e+02,1.818400e+02,1.824200e+02,183,1.835800e+02,1.844500e+02,1.859000e+02
LUTindex184,1.811269e+02,1.825634e+02,1.828507e+02,1.834254e+02,184,1.845746e+02,1.854366e+02,1.868732e+02
LUTindex185,1.821551e+02,1.835776e+02,1.838621e+02,1.844310e+02,185,1.855690e+02,1.864224e+02,1.878449e+02
LUTindex186,1.831850e+02,1.845925e+02,1.848740e+02,1.854370e+02,186,1.865630e+02,1.874075e+02,1.888149e+02
LUTindex187,1.842164e+02,1.856082e+02,1.858866e+02,1.864433e+02,187,1.875567e+02,1.883918e+02,1.897835e+02
LUTindex188,1.852490e+02,1.866245e+02,1.868996e+02,1.874498e+02,188,1.885502e+02,1.893755e+02,1.907509e+02
LUTindex189,1.862826e+02,1.876413e+02,1.879131e+02,1.884565e+02,189,1.895435e+02,1.903587e+02,1.917173e+02
LUTindex190,1.873170e+02,1.886585e+02,1.889268e+02,1.894634e+02,190,1.905366e+02,1.913415e+02,1.926830e+02
LUTindex191,1.883519e+02,1.896760e+02,1.899408e+02,1.904704e+02,191,1.915296e+02,1.923240e+02,1.936481e+02
LUTindex192,1.893872e+02,1.906936e+02,1.909549e+02,1.914774e+02,192,1.925226e+02,1.933064e+02,1.946128e+02
LUTindex193,1.904226e+02,1.917113e+02,1.919690e+02,1.924845e+02,193,1.935155e+02,1.942887e+02,1.955774e+02
LUTindex194,1.914590e+02,1.927295e+02,1.929836e+02,1.934918e+02,194,1.945082e+02,1.952705e+02,1.965410e+02
LUTindex195,1.924965e+02,1.937482e+02,1.939986e+02,1.944993e+02,195,1.955007e+02,1.962518e+02,1.975035e+02
LUTindex196,1.935346e+02,1.947673e+02,1.950138e+02,1.955069e+02,196,1.964931e+02,1.972327e+02,1.984654e+02
LUTindex197,1.945730e+02,1.957865e+02,1.960292e+02,1.965146e+02,197,1.974854e+02,1.982135e+02,1.994269e+02
LUTindex198,1.956115e+02,1.968057e+02,1.970446e+02,1.975223e+02,198,1.984777e+02,1.991943e+02,2.003885e+02
LUTindex199,1.966495e+02,1.978247e+02,1.980598e+02,1.985299e+02,199,1.994701e+02,2.001753e+02,2.013505e+02
LUTindex200,1.976867e+02,1.988434e+02,1.990747e+02,1.995373e+02,200,2.004627e+02,2.011566e+02,2.023133e+02
LUTindex201,1.987230e+02,1.998615e+02,2.000892e+02,2.005446e+02,201,2.014554e+02,2.021385e+02,2.032770e+02
LUTindex202,1.997586e+02,2.008793e+02,2.011034e+02,2.015517e+02,202,2.024483e+02,2.031207e+02,2.042414e+02
LUTindex203,2.007939e+02,2.018969e+02,2.021176e+02,2.025588e+02,203,2.034412e+02,2.041031e+02,2.052061e+02
LUTindex204,2.018288e+02,2.029144e+02,2.031315e+02,2.035658e+02,204,2.044342e+02,2.050856e+02,2.061712e+02
LUTindex205,2.028632e+02,2.039316e+02,2.041453e+02,2.045726e+02,205,2.054274e+02,2.060684e+02,2.071368e+02
LUTindex206,2.038973e+02,2.049486e+02,2.051589e+02,2.055795e+02,206,2.064205e+02,2.070514e+02,2.081027e+02
LUTindex207,2.049309e+02,2.059654e+02,2.061723e+02,2.065862e+02,207,2.074138e+02,2.080346e+02,2.090691e+02
LUTindex208,2.059640e+02,2.069820e+02,2.071856e+02,2.075928e+02,208,2.084072e+02,2.090180e+02,2.100360e+02
LUTindex209,2.069966e+02,2.079983e+02,2.081986e+02,2.085993e+02,209,2.094007e+02,2.100017e+02,2.110034e+02
LUTindex210,2.080270e+02,2.090135e+02,2.092108e+02,2.096054e+02,210,2.103946e+02,2.109865e+02,2.119730e+02
LUTindex211,2.090556e+02,2.100278e+02,2.102222e+02,2.106111e+02,211,2.113889e+02,2.119722e+02,2.129445e+02
LUTindex212,2.100834e+02,2.110417e+02,2.112333e+02,2.116167e+02,212,2.123833e+02,2.129583e+02,2.139167e+02
LUTindex213,2.111114e+02,2.120557e+02,2.122445e+02,2.126223e+02,213,2.133777e+02,2.139444e+02,2.148888e+02
LUTindex214,2.121405e+02,2.130702e+02,2.132562e+02,2.136281e+02,214,2.143719e+02,2.149298e+02,2.158597e+02
LUTindex215,2.131719e+02,2.140859e+02,2.142687e+02,2.146344e+02,215,2.153656e+02,2.159141e+02,2.168283e+02
LUTindex216,2.142064e+02,2.151032e+02,2.152826e+02,2.156413e+02,216,2.163587e+02,2.168968e+02,2.177937e+02
LUTindex217,2.152451e+02,2.161225e+02,2.162980e+02,2.166490e+02,217,2.173510e+02,2.178775e+02,2.187549e+02
LUTindex218,2.162876e+02,2.171438e+02,2.173151e+02,2.176575e+02,218,2.183425e+02,2.188561e+02,2.197123e+02
LUTindex219,2.173332e+02,2.181666e+02,2.183333e+02,2.186667e+02,219,2.193333e+02,2.198333e+02,2.206666e+02
LUTindex220,2.183814e+02,2.191907e+02,2.193526e+02,2.196763e+02,220,2.203237e+02,2.208093e+02,2.216185e+02
LUTindex221,2.194314e+02,2.202157e+02,2.203726e+02,2.206863e+02,221,2.213137e+02,2.217843e+02,2.225685e+02
LUTindex222,2.204827e+02,2.212413e+02,2.213931e+02,2.216965e+02,222,2.223035e+02,2.227586e+02,2.235172e+02
LUTindex223,2.215347e+02,2.222673e+02,2.224139e+02,2.227069e+02,223,2.232931e+02,2.237327e+02,2.244653e+02
LUTindex224,2.225867e+02,2.232934e+02,2.234347e+02,2.237173e+02,224,2.242827e+02,2.247066e+02,2.254133e+02
LUTindex225,2.236384e+02,2.243192e+02,2.244554e+02,2.247277e+02,225,2.252723e+02,2.256808e+02,2.263616e+02
LUTindex226,2.246917e+02,2.253459e+02,2.254767e+02,2.257383e+02,226,2.262617e+02,2.266541e+02,2.273083e+02
LUTindex227,2.257469e+02,2.263734e+02,2.264988e+02,2.267494e+02,227,2.272506e+02,2.276266e+02,2.282531e+02
LUTindex228,2.268030e+02,2.274015e+02,2.275212e+02,2.277606e+02,228,2.282394e+02,2.285985e+02,2.291970e+02
LUTindex229,2.278593e+02,2.284297e+02,2.285437e+02,2.287719e+02,229,2.292281e+02,2.295704e+02,2.301407e+02
LUTindex230,2.289149e+02,2.294574e+02,2.295660e+02,2.297830e+02,230,2.302170e+02,2.305426e+02,2.310852e+02
LUTindex231,2.299689e+02,2.304845e+02,2.305876e+02,2.307938e+02,231,2.312062e+02,2.315156e+02,2.320312e+02
LUTindex232,2.310205e+02,2.315103e+02,2.316082e+02,2.318041e+02,232,2.321959e+02,2.324897e+02,2.329795e+02
LUTindex233,2.320690e+02,2.325345e+02,2.326276e+02,2.328138e+02,233,2.331862e+02,2.334655e+02,2.339310e+02
LUTindex234,2.331145e+02,2.335573e+02,2.336458e+02,2.338229e+02,234,2.341771e+02,2.344427e+02,2.348854e+02
LUTindex235,2.341580e+02,2.345790e+02,2.346632e+02,2.348316e+02,235,2.351684e+02,2.354210e+02,2.358419e+02
LUTindex236,2.351997e+02,2.355998e+02,2.356799e+02,2.358399e+02,236,2.361601e+02,2.364001e+02,2.368003e+02
LUTindex237,2.362400e+02,2.366200e+02,2.366960e+02,2.368480e+02,237,2.371520e+02,2.373800e+02,2.377599e+02
LUTindex238,2.372794e+02,2.376397e+02,2.377118e+02,2.378559e+02,238,2.381441e+02,2.383603e+02,2.387205e+02
LUTindex239,2.383183e+02,2.386592e+02,2.387273e+02,2.388637e+02,239,2.391363e+02,2.393408e+02,2.396816e+02
LUTindex240,2.393572e+02,2.396786e+02,2.397429e+02,2.398714e+02,240,2.401286e+02,2.403214e+02,2.406428e+02
LUTindex241,2.403963e+02,2.406981e+02,2.407585e+02,2.408793e+02,241,2.411207e+02,2.413019e+02,2.416037e+02
LUTindex242,2.414345e+02,2.417172e+02,2.417738e+02,2.418869e+02,242,2.421131e+02,2.422828e+02,2.425655e+02
LUTindex243,2.424715e+02,2.427358e+02,2.427886e+02,2.428943e+02,243,2.431057e+02,2.432642e+02,2.435285e+02
LUTindex244,2.435079e+02,2.437539e+02,2.438032e+02,2.439016e+02,244,2.440984e+02,2.442461e+02,2.444921e+02
LUTindex245,2.445441e+02,2.447720e+02,2.448176e+02,2.449088e+02,245,2.450912e+02,2.452280e+02,2.454559e+02
LUTindex246,2.455806e+02,2.457903e+02,2.458322e+02,2.459161e+02,246,2.460839e+02,2.462097e+02,2.464195e+02
LUTindex247,2.466177e+02,2.468089e+02,2.468471e+02,2.469235e+02,247,2.470765e+02,2.471911e+02,2.473823e+02
LUTindex248,2.476561e+02,2.478280e+02,2.478624e+02,2.479312e+02,248,2.480688e+02,2.481720e+02,2.483439e+02
LUTindex249,2.486960e+02,2.488480e+02,2.488784e+02,2.489392e+02,249,2.490608e+02,2.491520e+02,2.493040e+02
LUTindex250,2.497370e+02,2.498685e+02,2.498948e+02,2.499474e+02,250,2.500526e+02,2.501315e+02,2.502630e+02
LUTindex251,2.507789e+02,2.508894e+02,2.509116e+02,2.509558e+02,251,2.510442e+02,2.511105e+02,2.512211e+02
LUTindex252,2.518215e+02,2.519108e+02,2.519286e+02,2.519643e+02,252,2.520357e+02,2.520892e+02,2.521784e+02
LUTindex253,2.528650e+02,2.529325e+02,2.529460e+02,2.529730e+02,253,2.530270e+02,2.530675e+02,2.531350e+02
LUTindex254,2.539092e+02,2.539546e+02,2.539637e+02,2.539818e+02,254,2.540182e+02,2.540454e+02,2.540908e+02
LUTindex255,2.549542e+02,2.549771e+02,2.549817e+02,2.549908e+02,255,2.550092e+02,2.550229e+02,2.550458e+02
LUTindex256,256,256,256,256,256,256,256,256
